{
	"data":{
		"id":"1",
		"n":"设计学院举办交互设计方法国际工作坊",
		"c":"<p><span style='font-size: 10.5pt;'>各学院（实验室）：</span><span lang='EN-US' style='font-size: 18.0pt;'><br></span><span lang='EN-US' style='font-size: 10.5pt;'>&nbsp;&nbsp;&nbsp; </span><span style='font-size: 10.5pt;'>为繁荣科技出版事业，促进科技创新，推动国家创新驱动发展战略实施，根据国家科学技术学术著作出版基金（以下简称<span lang='EN-US'>“</span>学术著作出版基金<span lang='EN-US'>”</span>）工作安排，<span lang='EN-US'>2017</span>年度国家科学技术学术著作出版基金项目申报工作已经开始，详情参见《国家科学技术学术著作出版基金项目资助申请指南（<span lang='EN-US'>2017</span>年度）》（附件）。学术著作出版基金申报程序由网上提交申报材料和邮寄纸质材料两个环节组成。</span></p><p><span lang='EN-US' style='font-size: 10.5pt;'>&nbsp;&nbsp;&nbsp; </span><span style='font-size: 10.5pt;'>请申报者登陆国家科学技术学术著作出版基金项目申报系统（以下简称<span lang='EN-US'>“</span>申报系统<span lang='EN-US'>”</span>）<u><span lang='EN-US'>http://168.160.18.201/pfp</span></u>进行注册，按照要求完成系统注册与浏览器配置、网上填报申请书、网上提交申请材料等事宜，同时注意查看申报项目状态。</span></p><p><span lang='EN-US' style='font-size: 10.5pt;'>&nbsp;&nbsp;&nbsp; </span><span style='font-size: 10.5pt;'>邮寄提交（或直接送交）材料（用于存档），提交材料包括：《申报书》<span lang='EN-US'>1</span>份、《国家科学技术学术著作出版基金出版意向协议书》<span lang='EN-US'>1</span>份、《国家科学技术学术著作出版基金申报人承诺书》<span lang='EN-US'>1</span>份、《国家科学技术学术著作出版基金出版单位承诺书》<span lang='EN-US'>1</span>份、<span lang='EN-US'>80%</span>以上或全部书稿光盘<span lang='EN-US'>1</span>份。邮寄材料寄至项目申报受理机构。项目申报受理机构通讯地址：中国科学技术信息研究所科研处，北京市复兴路<span lang='EN-US'>15</span>号（公主坟，中央电视台西侧）<span lang='EN-US'>100038</span>，联系电话（传真）<span lang='EN-US'>:010-58882505</span>。申报材料原则上一律不退还，请申报者自行留底。</span></p><p><span lang='EN-US' style='font-size: 10.5pt;'>&nbsp;&nbsp;&nbsp; </span><span style='font-size: 10.5pt;'>项目申报时间：<span lang='EN-US'>2016</span>年<span lang='EN-US'>9</span>月<span lang='EN-US'>30</span>日至<span lang='EN-US'>11</span>月<span lang='EN-US'>29</span>日。</span></p><p><span lang='EN-US' style='font-size: 10.5pt;'>&nbsp;&nbsp;&nbsp;&nbsp;</span><span style='font-size: 10.5pt;'>请各学院（实验室）积极动员组织老师申报，仔细阅读《国家科学技术学术著作出版基金项目资助申请指南（<span lang='EN-US'>2017</span>年度）》。</span></p><p><span lang='EN-US' style='font-size: 10.5pt;'>&nbsp;&nbsp;&nbsp;&nbsp;&nbsp;&nbsp;&nbsp;&nbsp;&nbsp;&nbsp;&nbsp;&nbsp;&nbsp;&nbsp;&nbsp;&nbsp;&nbsp;&nbsp;&nbsp;&nbsp;&nbsp;&nbsp;&nbsp;&nbsp;&nbsp;&nbsp;&nbsp;&nbsp;&nbsp;&nbsp;&nbsp;&nbsp;&nbsp;&nbsp;&nbsp;&nbsp;&nbsp;&nbsp;&nbsp;&nbsp;&nbsp;&nbsp;&nbsp;&nbsp;&nbsp;&nbsp;&nbsp;&nbsp;&nbsp; </span><span style='font-size: 10.5pt;'>联系电话：<span lang='EN-US'>85913616</span></span></p><p><span lang='EN-US' style='font-size: 10.5pt;'>&nbsp;&nbsp;&nbsp;&nbsp;&nbsp;&nbsp;&nbsp;&nbsp;&nbsp;&nbsp;&nbsp;&nbsp;&nbsp;&nbsp;&nbsp;&nbsp;&nbsp;&nbsp;&nbsp;&nbsp;&nbsp;&nbsp;&nbsp;&nbsp;&nbsp;&nbsp;&nbsp;&nbsp;&nbsp;&nbsp;&nbsp;&nbsp;&nbsp;&nbsp;&nbsp;&nbsp;&nbsp;&nbsp;&nbsp;&nbsp;&nbsp;&nbsp;&nbsp;&nbsp;&nbsp;&nbsp;&nbsp;&nbsp;&nbsp; </span><span style='font-size: 10.5pt;'>联系人：袁艳玲<span lang='EN-US'>&nbsp; </span>程建敏</span></p><p><span lang='EN-US' style='font-size: 10.5pt;'>&nbsp;&nbsp;&nbsp;&nbsp;&nbsp;&nbsp;&nbsp;&nbsp;&nbsp;&nbsp;&nbsp;&nbsp;&nbsp;&nbsp;&nbsp;&nbsp;&nbsp;&nbsp;&nbsp;&nbsp;&nbsp;&nbsp;&nbsp;&nbsp;&nbsp;&nbsp;&nbsp;&nbsp;&nbsp;&nbsp;&nbsp;&nbsp;&nbsp;&nbsp;&nbsp;&nbsp;&nbsp;&nbsp;&nbsp;&nbsp;&nbsp;&nbsp;&nbsp;&nbsp;&nbsp;&nbsp;&nbsp;&nbsp;&nbsp;&nbsp;&nbsp;&nbsp;&nbsp;&nbsp;&nbsp; </span><span style='font-size: 10.5pt;'>科学技术研究院</span></p><p><span lang='EN-US' style='font-size: 10.5pt;'>&nbsp;&nbsp;&nbsp;&nbsp;&nbsp;&nbsp;&nbsp;&nbsp;&nbsp;&nbsp;&nbsp;&nbsp;&nbsp;&nbsp;&nbsp;&nbsp;&nbsp;&nbsp;&nbsp;&nbsp;&nbsp;&nbsp;&nbsp;&nbsp;&nbsp;&nbsp;&nbsp;&nbsp;&nbsp;&nbsp;&nbsp;&nbsp;&nbsp;&nbsp;&nbsp;&nbsp;&nbsp;&nbsp;&nbsp;&nbsp;&nbsp;&nbsp;&nbsp;&nbsp;&nbsp;&nbsp;&nbsp;&nbsp;&nbsp;&nbsp;&nbsp;&nbsp;&nbsp;&nbsp;&nbsp; &nbsp;2016</span><span style='font-size: 10.5pt;'>年<span lang='EN-US'>10</span>月<span lang='EN-US'>12</span>日</span></p><p><a href='http://sodcn.jiangnan.edu.cn/wp-content/uploads/2016-10-1361.doc'>国家科学技术学术著作出版基金项目资助申报指南（2017）</a></p>",
		"t":"10.21"
	}
}