{
  "data":{
    "id":"2",
    "n":"关于2016年国庆节放假的通知（转）",
    "c":"<p style='text-align: center;'>关于2016年国庆节放假的通知</p><p>各学院（单位）、各部门：</p><p>根据《国务院办公厅关于2016年部分节假日安排的通知》，结合学校实际情况，经研究，我校国庆节放假安排如下：</p><p>一、10月1日至7日放假调休，共7天。10月8日（星期六）、10月9日（星期日）正常上班上课，分别按10月6日（星期四）、10月7日（星期五）安排教学活动。</p><p>二、各学院（单位）、各部门要在9月30日前认真开展一次安全检查（包括实验室、办公室、学生宿舍安全以及易燃、易爆、剧毒化学品和危险品的使用与保管等），防止各类事故的发生，确保学校的安全与稳定。</p><p>三、放假期间，校长办公室负责学校总值班安排，有关部门（单位）也要安排值班。值班表于9月28日前汇总至校长办公室：po@jiangnan.edu.cn。</p><p>四、放假期间，各部门（单位）、各学院负责同志要开启手机，保证通讯畅通，便于工作联系和处理有关事宜，确保全校师生员工度过安全、和谐的节假日。</p><p>&nbsp;</p><p>&nbsp;</p><p style='text-align: right;'>校长办公室</p><p style='text-align: right;'>2016年9月18日</p>",
    "t":"10.21"
  }
}