{
   "footerleft":
   {
      "img":"images/logo.jpg",
      "tel":"0335-85919712",
      "fax":"0335-85501491",
      "zip":"066000",
      "address":"河北省秦皇岛市河北大街西段169号(066004)"
   },
   "footercenter":[
      {
         "u":"#",
         "n":"教务处"
      },
      {
         "u":"#",
         "n":"学生工作处"
      },
      {
         "u":"#",
         "n":"研究生院"
      },
      {
         "u":"#",
         "n":"社会科学处"
      },
      {
         "u":"#",
         "n":"国际交流与合作处"
      },
      {
         "u":"#",
         "n":"米兰理工大学"
      },
      {
         "u":"#",
         "n":"卡内基梅隆大学"
      },
      {
         "u":"#",
         "n":"香港理工大学"
      },
      {
         "u":"#",
         "n":"清华大学美术学院"
      },
      {
         "u":"#",
         "n":"中央美术学院"
      },
      {
         "u":"#",
         "n":"中国工业设计协会"
      },
      {
         "u":"#",
         "n":"江苏省工业设计协会"
      },
      {
         "u":"#",
         "n":"河北省工业设计协会"
      },
      {
         "u":"#",
         "n":"山西省工业设计协会"
      }
   ],
   "footerright":{
      "img1":{
         "img":"images/2016-10-0911.jpg",
         "tit":"设计学院微信公众号"
      },
      "img2":{
         "img":"images/2016-10-0971.jpg",
         "tit":"设计学院就业公众号"
      }
   }
}