{
    "headerimg":"images/logo1.png",
    "headernav": [
        {
            "n": "新闻",
            "u": "",
            "i": [
                {
                    "id":"1",
                    "n": "重要新闻",
                    "u": "#"
                },
                {
                    "id":"2",
                    "n": "学院动态",
                    "u": "#"
                },
                {
                    "id":"3",
                    "n": "通知公告",
                    "u": "#"
                },
                {
                    "id":"4",
                    "n": "设计热点",
                    "u": "#"
                },
                {
                    "id":"5",
                    "n": "展览讲座",
                    "u": "#"
                }
            ]
        },
        {
            "n": "学院",
            "u": "",
            "i": [
                {
                    "id":"1",
                    "n": "学院概况",
                    "u": "#"
                },
                {
                    "id":"1",
                    "n": "使命愿景",
                    "u": "#"
                },
                {
                    "id":"1",
                    "n": "学院领导",
                    "u": "#"
                },
                {
                    "id":"1",
                    "n": "管理与服务",
                    "u": "#"
                },
                {
                    "id":"1",
                    "n": "党建",
                    "u": "#"
                },
                {
                    "id":"1",
                    "n": "师资队伍",
                    "u": "#"
                }
            ]
        },
        {
            "n": "教育",
            "u": "",
            "i": [
                {
                    "id":"1",
                    "n": "学科专业",
                    "u": "#"
                },
                {
                    "id":"1",
                    "n": "本科生教育",
                    "u": "#"
                },
                {
                    "id":"1",
                    "n": "研究生教育",
                    "u": "#"
                },
                {
                    "id":"1",
                    "n": "国际交流",
                    "u": "#"
                }
            ]
        },
        {
            "n": "研究",
            "u": "",
            "i": [
                {
                    "id":"1",
                    "n": "科研动态",
                    "u": "#"
                },
                {
                    "id":"1",
                    "n": "研究领域",
                    "u": "#"
                },
                {
                    "id":"1",
                    "n": "研究团队",
                    "u": "#"
                },
                {
                    "id":"1",
                    "n": "研究基地",
                    "u": "#"
                },
                {
                    "id":"1",
                    "n":"开放创新研究院",
                    "u":"#"
                }
            ]
        },
        {
            "n": "学生",
            "u": "",
            "i": [
                {
                    "id":"1",
                    "n": "校园生活",
                    "u": "#"
                },
                {
                    "id":"1",
                    "n": "就业创业",
                    "u": "#"
                },
                {
                    "id":"1",
                    "n": "学生服务",
                    "u": "#"
                }
            ]
        },
        {
            "n": "资源",
            "u": "",
            "i": [
                {
                    "id":"1",
                    "n": "实验中心",
                    "u": "#"
                },
                {
                    "id":"1",
                    "n": "设计馆",
                    "u": "#"
                },
                {
                    "id":"1",
                    "n": "美术馆",
                    "u": "#"
                },
                {
                    "id":"1",
                    "n": "基金会",
                    "u": "#"
                }
            ]
        },
        {
            "n": "无下拉",
            "u": "#",
            "i": [{}]
        }
    ]
}