{
	"notice":[
		{
			"id":"1",
			"u":"#",
			"n":"因公出国（境）信息公示（设计2016022）",
			"t":"10.21"
		},
		{
			"id":"2",
			"u":"#",
			"n":"“在行动” 江南大学第七届DESIS国际研讨会",
			"t":"10.17"
		},
		{
			"id":"3",
			"u":"#",
			"n":"“艺·江南”江南大学美术馆暨钱绍武艺术馆开幕展",
			"t":"10.09"
		},
		{
			"id":"4",
			"u":"#",
			"n":"因公出国（境）信息公示（设计2016021）",
			"t":"09.29"
		},
		{
			"id":"1",
			"u":"#",
			"n":"关于杜守帅等职务聘任（解聘）的通知",
			"t":"09.28"
		}
	],
	"news":[
		{
			"id":"1",
			"u":"#",
			"n":"“吾以桑梓之意，维设院必恭敬止”",
			"t":"10.28"
		},
		{
			"id":"1",
			"u":"#",
			"n":"设计学院师生参加第四届“ICID跨文化国际整合设计",
			"t":"10.25"
		},
		{
			"id":"1",
			"u":"#",
			"n":"英国普利茅斯大学艺术与人文学院Gianni Corino",
			"t":"10.24"
		},
		{
			"id":"1",
			"u":"#",
			"n":"“叙述思维，表现人物”设计学院举办插画设计国际",
			"t":"10.24"
		},
		{
			"id":"1",
			"u":"#",
			"n":"设计学院学生喜获2016年公益云图数据可视化创新",
			"t":"10.19"
		}
	],
	"onlineshow":[
		{
			"id":"1",
			"u":"#",
			"n":"第七届创意点燃时尚“京东-航嘉杯”插座ID设计大赛",
			"t":"10.21"
		},
		{
			"id":"1",
			"u":"#",
			"n":"南京汤山温泉旅游度假区吉祥物征集方案",
			"t":"10.17"
		},
		{
			"id":"1",
			"u":"#",
			"n":"第三届中国（重庆）“长江杯”国际工业设计大赛总体方案",
			"t":"10.09"
		},
		{
			"id":"1",
			"u":"#",
			"n":"第一届“智慧点亮未来”智慧城市环境设施设计大赛章程",
			"t":"09.29"
		},
		{
			"id":"1",
			"u":"#",
			"n":"关于杜守帅等职务聘任（解聘）的通知",
			"t":"09.28"
		}
	],
	"trend":[
		{
			"id":"1",
			"u":"#",
			"n":"“吾以桑梓之意，维设院必恭敬止”",
			"t":"10.28"
		},
		{
			"id":"2",
			"u":"#",
			"n":"设计学院师生参加第四届“ICID跨文化国际整合设计",
			"t":"10.25"
		},
		{
			"id":"1",
			"u":"#",
			"n":"英国普利茅斯大学艺术与人文学院Gianni Corino",
			"t":"10.24"
		},
		{
			"id":"2",
			"u":"#",
			"n":"“叙述思维，表现人物”设计学院举办插画设计国际",
			"t":"10.24"
		},
		{
			"id":"1",
			"u":"#",
			"n":"设计学院学生喜获2016年公益云图数据可视化创新",
			"t":"10.19"
		}
	],
	"display":[
		{
			"id":"1",
			"u":"#",
			"n":"第七届创意点燃时尚“京东-航嘉杯”插座ID设计大赛",
			"t":"10.21"
		},
		{
			"id":"1",
			"u":"#",
			"n":"南京汤山温泉旅游度假区吉祥物征集方案",
			"t":"10.17"
		},
		{
			"id":"1",
			"u":"#",
			"n":"第三届中国（重庆）“长江杯”国际工业设计大赛总体方案",
			"t":"10.09"
		},
		{
			"id":"1",
			"u":"#",
			"n":"第一届“智慧点亮未来”智慧城市环境设施设计大赛章",
			"t":"09.29"
		},
		{
			"id":"1",
			"u":"#",
			"n":"关于杜守帅等职务聘任（解聘）的通知",
			"t":"09.28"
		}
	],
	"site":[
		{
			"u":"#",
			"n":"教务处"
		},
		{
			"u":"#",
			"n":"学生工作处"
		},
		{
			"u":"#",
			"n":"研究生院"
		},
		{
			"u":"#",
			"n":"社会科学处"
		},
		{
			"u":"#",
			"n":"国际交流与合作处"
		},
		{
			"u":"#",
			"n":"米兰理工大学"
		}
	]
}